dir,vercel_linked,live_url,content_type,size_bytes
about-deploy,yes,https://about.vercel.app,enhanced,10452
accountabilityof-deploy,yes,https://meok-accountabilityof-ai.vercel.app|https://accountabilityof-deploy.vercel.app,enhanced,18884
aeo-registry-deploy,yes,https://aeo-registry.vercel.app|https://aeo-registry-deploy.vercel.app,enhanced,6684
agent-network-deploy,yes,https://agent-network-deploy.vercel.app,basic,3602
agisafe-deploy,yes,https://agisafe.vercel.app|https://meok-agisafe-ai.vercel.app|https://agisafe-deploy.vercel.app,enhanced,18528
annual-report-deploy,yes,https://annual-report.vercel.app|https://annual-report-deploy.vercel.app,enhanced,12748
app-deploy,yes,https://app.vercel.app|https://app-deploy.vercel.app,enhanced,11619
apply-48h-deploy,yes,https://apply-48h-deploy.vercel.app,enhanced,9335
asisecurity-deploy,yes,https://meok-asisecurity-ai.vercel.app|https://asisecurity-deploy.vercel.app,enhanced,18550
audit-feed-deploy,yes,https://audit-feed.vercel.app|https://audit-feed-deploy.vercel.app,enhanced,5567
badge-deploy,yes,https://badge.vercel.app|https://badge-deploy.vercel.app,enhanced,9052
biasdetectionof-deploy,yes,https://meok-biasdetectionof-ai.vercel.app|https://biasdetectionof-deploy.vercel.app,enhanced,18990
blog-deploy,yes,https://blog.vercel.app|https://blog-deploy.vercel.app,enhanced,11150
care-ai-deploy,yes,https://care-ai-deploy.vercel.app,enhanced,5616
care-compliance-deploy,yes,https://care-compliance-deploy.vercel.app,enhanced,7776
care-special-deploy,yes,https://care-special-deploy.vercel.app,enhanced,9736
careers-deploy,yes,https://careers.vercel.app|https://careers-deploy.vercel.app,enhanced,7880
case-industries-deploy,yes,none,no_index,0
case-studies-deploy,yes,https://case-studies-deploy.vercel.app,no_index,15542
cert-lookup-deploy,yes,https://cert-lookup-deploy.vercel.app,enhanced,6149
changelog-deploy,yes,https://changelog.vercel.app|https://changelog-deploy.vercel.app,basic,4878
clock-embed-deploy,yes,https://clock-embed-deploy.vercel.app,enhanced,5264
cobolbridge-deploy,yes,https://cobolbridge-deploy.vercel.app,enhanced,18282
commercialvehicle-deploy,yes,https://commercialvehicle-deploy.vercel.app,enhanced,18508
compare-deploy,yes,https://compare.vercel.app|https://compare-deploy.vercel.app,enhanced,9220
compliance-dash-deploy,yes,https://compliance-dash-deploy.vercel.app,enhanced,9223
contact-deploy,yes,https://contact.vercel.app,basic,4532
cookie-deploy,yes,https://cookie-deploy.vercel.app,basic,3893
cs-submit-deploy,yes,https://cs-submit-deploy.vercel.app,enhanced,7354
customers-deploy,yes,https://customers.vercel.app|https://customers-deploy.vercel.app,enhanced,10313
data-residency-deploy,yes,https://data-residency-deploy.vercel.app,enhanced,9301
dataprivacyof-deploy,yes,https://meok-dataprivacyof-ai.vercel.app|https://dataprivacyof-deploy.vercel.app,enhanced,18850
demo-deploy,yes,https://demo-deploy.vercel.app,enhanced,7263
diyhelp-deploy,yes,https://meok-diyhelp-ai.vercel.app|https://diyhelp-deploy.vercel.app,enhanced,7069
empire-deploy,yes,https://empire.vercel.app|https://empire-deploy.vercel.app,enhanced,12708
ethicalgovernanceof-deploy,yes,https://meok-ethicalgovernanceof-ai.vercel.app|https://ethicalgovernanceof-deploy.vercel.app,enhanced,19148
events-deploy,yes,https://events-deploy.vercel.app,enhanced,6147
fintech-ai-deploy,yes,https://fintech-ai.vercel.app|https://fintech-ai-deploy.vercel.app,enhanced,8932
fishkeeper-deploy,yes,https://fishkeeper.vercel.app|https://meok-fishkeeper-ai.vercel.app,enhanced,17592
for-regulators-deploy,yes,https://for-regulators-deploy.vercel.app,enhanced,6793
free-trial-deploy,yes,https://free-trial-deploy.vercel.app,enhanced,7295
govtech-ai-deploy,yes,https://govtech-ai-deploy.vercel.app,basic,4651
grabhire-deploy,yes,https://grabhire.vercel.app,enhanced,17974
gtm-deploy,yes,https://gtm.vercel.app|https://gtm-deploy.vercel.app,enhanced,7256
hackathon-deploy,yes,https://hackathon.vercel.app|https://hackathon-deploy.vercel.app,enhanced,8780
haulage-deploy,yes,https://haulage.vercel.app|https://meok-haulage-ai.vercel.app|https://haulage-deploy.vercel.app,basic,4559
healthtech-ai-deploy,yes,https://healthtech-ai-deploy.vercel.app,enhanced,5611
help-deploy,yes,https://help-deploy.vercel.app,basic,4807
hive-deploy,yes,https://hive.vercel.app|https://hive-deploy.vercel.app,enhanced,12110
hive-pages-deploy,yes,none,no_index,0
indexnow-deploy,yes,https://indexnow-deploy.vercel.app,no_index,0
industries-deploy,yes,https://industries.vercel.app|https://industries-deploy.vercel.app,basic,3915
integrations-deep-deploy,yes,https://integrations-deep-deploy.vercel.app,enhanced,14644
integrations-deploy,yes,https://integrations-deploy.vercel.app,enhanced,7239
investor-deploy,yes,https://investor.vercel.app|https://investor-deploy.vercel.app,enhanced,9359
keystone-playground-deploy,yes,https://keystone-playground.vercel.app|https://keystone-playground-deploy.vercel.app,enhanced,7823
koikeeper-deploy,yes,https://koikeeper.vercel.app|https://meok-koikeeper-ai.vercel.app,enhanced,17679
landlaw-deploy,yes,https://landlaw.vercel.app|https://meok-landlaw-ai.vercel.app|https://landlaw-deploy.vercel.app,enhanced,18591
launch-deploy,yes,https://launch.vercel.app|https://launch-deploy.vercel.app,enhanced,16479
legal-acts-tracker-deploy,yes,https://legal-acts-tracker-deploy.vercel.app,enhanced,9576
live-calendar-deploy,yes,https://live-calendar.vercel.app|https://live-calendar-deploy.vercel.app,enhanced,11094
live-counter-deploy,yes,https://live-counter-deploy.vercel.app,enhanced,12254
live-demo-deploy,yes,https://live-demo-deploy.vercel.app,enhanced,9569
live-deploy,yes,https://live.vercel.app,enhanced,8223
loopfactory-deploy,yes,https://meok-loopfactory-ai.vercel.app|https://loopfactory-deploy.vercel.app,enhanced,7028
manifest-deploy,yes,https://manifest.vercel.app|https://manifest-deploy.vercel.app,enhanced,13062
meme-deploy,yes,https://meme-deploy.vercel.app,enhanced,8946
muckaway-deploy,yes,https://meok-muckaway-ai.vercel.app,enhanced,17680
openmoe-deploy,yes,https://openmoe-deploy-three.vercel.app,enhanced,18351
openpatent-ai-deploy,yes,https://openpatent-ai-deploy.vercel.app,enhanced,8871
optimobile-deploy,yes,https://meok-optimobile-ai.vercel.app|https://optimobile-deploy.vercel.app,enhanced,18328
partner-finder-deploy,yes,https://partner-finder.vercel.app|https://partner-finder-deploy.vercel.app,enhanced,8057
partner-sign-deploy,yes,https://partner-sign.vercel.app|https://partner-sign-deploy.vercel.app,enhanced,7252
partners-deploy,yes,https://partners.vercel.app|https://partners-deploy.vercel.app,enhanced,8114
partners-page-deploy,yes,https://partners-page.vercel.app|https://partners-page-deploy.vercel.app,enhanced,7694
planthire-deploy,yes,https://meok-planthire-ai.vercel.app,enhanced,17489
play-deploy,yes,https://play.vercel.app|https://play-deploy.vercel.app,enhanced,11786
pokerhud-deploy,yes,https://meok-pokerhud-ai.vercel.app|https://pokerhud-deploy.vercel.app,enhanced,6913
policy-gen-deploy,yes,https://policy-gen.vercel.app|https://policy-gen-deploy.vercel.app,enhanced,9960
portfolio-deploy,yes,https://portfolio.vercel.app,enhanced,23543
positions-deploy,yes,https://positions.vercel.app|https://positions-deploy.vercel.app,enhanced,7948
press-deploy,yes,https://press.vercel.app|https://press-deploy.vercel.app,enhanced,9829
pricing-deploy,yes,https://pricing-deploy.vercel.app,enhanced,14276
pricing-vs-big4-deploy,yes,https://pricing-vs-big4-deploy.vercel.app,enhanced,9475
privacy-deploy,yes,https://privacy.vercel.app|https://privacy-deploy.vercel.app,enhanced,5587
regtech-ai-deploy,yes,https://regtech-ai-deploy.vercel.app,basic,4485
roadmap-deploy,yes,https://roadmap.vercel.app|https://roadmap-deploy.vercel.app,enhanced,5847
safetyof-deploy,yes,https://meok-safetyof-ai.vercel.app|https://safetyof-deploy.vercel.app,enhanced,19074
security-deploy,yes,https://security.vercel.app|https://security-deploy.vercel.app,enhanced,7677
sitemap-index-deploy,yes,https://sitemap-index.vercel.app|https://sitemap-index-deploy.vercel.app,enhanced,14883
socialmediamanager-deploy,yes,https://socialmediamanager.vercel.app|https://socialmediamanager-deploy.vercel.app,enhanced,7103
sov3-deploy,yes,none,no_index,0
subscribe-deploy,yes,https://subscribe.vercel.app|https://subscribe-deploy.vercel.app,enhanced,7531
suicidestop-deploy,yes,https://meok-suicidestop-ai.vercel.app|https://suicidestop-deploy.vercel.app,enhanced,7677
supplier-portal-deploy,yes,https://supplier-portal.vercel.app|https://supplier-portal-deploy.vercel.app,enhanced,8910
support-deploy,yes,https://support.vercel.app|https://support-deploy.vercel.app,enhanced,7891
terms-deploy,yes,https://terms.vercel.app,enhanced,5555
thanks-deploy,yes,https://thanks.vercel.app|https://thanks-deploy.vercel.app,basic,4955
transparency-deploy,yes,https://transparency.vercel.app|https://transparency-deploy.vercel.app,enhanced,9837
transparencyof-deploy,yes,https://meok-transparencyof-ai.vercel.app|https://transparencyof-deploy.vercel.app,enhanced,18801
wowmcp-deploy,yes,https://wowmcp-deploy.vercel.app,enhanced,10478
